,Product Name,Prices,Description
0,The Girl Who Knew Too Much  - What if the Loved One You...,₹159,"English, Paperback, Khanna Vikrant"
1,400 Days,₹139,"English, Paperback, Bhagat Chetan"
2,Stumbled Upon Destiny,₹93,"English, Paperback, Rajan Jolsna"
3,Invisible Pain  - The cry of nature!!!,₹110,"English, Paperback, Praveena"
4,A Touch of Eternity,₹162,"English, Paperback, Durjoy Datta,"
5,Something I Never Told You,₹188,"English, Paperback, Bhinder Shravya"
6,The Blue Umbrella,₹90,"English, Paperback, Bond Ruskin"
7,The Girl with No Dreams,₹99,"English, Paperback, Gupta Deepak"
8,50 Greatest Short Stories,₹212,"English, Paperback, O'Brien Terry"
9,I Too Had a Love Story,₹160,"English, Paperback, Singh Ravinder"
10,Something I'm Waiting to Tell You: The sequel to the Na...,₹130,"English, Paperback, Bhinder Shravya"
11,Frankenstein,₹169,"English, Paperback, Shelley Mary"
12,The 3 Mistakes of My Life,₹186,"English, Paperback, Bhagat Chetan"
13,Ghosts of the Silent Hills,₹140,"English, Paperback, Krishan Anita"
14,You Were My Crush,₹160,"English, Paperback, Datta Durjoy"
15,"Pride and Prejudice  - Pride and Prejudice (Paperback, ...",₹150,"English, Paperback, Jane Austen"
16,If It’s Not Forever,₹109,"English, Paperback, Datta Durjoy"
17,Bipin,₹476,"English, Hardcover, Rawat Rachna Bisht"
18,Tomorrow and Tomorrow and Tomorrow,₹213,"Paperback, Vikas Sharma"
19,The Romance of Lust- A classic Victorian erotic novel,₹516,"English, Paperback, Anonymous"
20,Can't Quarantine Our Love,₹160,"English, Paperback, Nagarkar Sudeep"
21,The Hidden Hindu,₹200,"English, Paperback, Gupta Akshat"
22,The Girl In Room 105,₹139,"English, Paperback, Bhagat Chetan"
23,In Loving Memory,₹186,"English, Paperback, Singh Daniel Paul"
24,One Arranged Murder,₹149,"English, Paperback, Bhagat Chetan"
25,The Girl in Room 105,₹112,"English, Paperback, Bhagat Chetan"
26,"Wake Up, Life is Calling",₹113,"English, Undefined, Shenoy Preeti"
27,"Pride and Prejudice (World Classics, Unabridged)",₹350,"English, Paperback, Austen Jane"
28,Pride & Prejudice,₹119,"English, Paperback, Austen Jane"
29,The Alchemist,₹340,"English, Hardcover, Coelho Paulo"
30,"""The Night Train at Deoli and Other Stories",₹232,"English, Paperback, Bond Ruskin"
31,Falling for a Korean,₹236,"English, Paperback, Madhumitha D J"
32,My Notes from 2nd ARC Reports,₹146,"English, Paperback, Singh Pavneet"
33,The Tattooist of Auschwitz,₹194,"English, Paperback, Morris Heather"
34,Willy and the Killer Kipper,₹159,"English, Paperback, Jeffrey Archer"
35,Beyond Good and Evil,₹169,"English, Paperback, Nietzsche Friedrich"
36,The Commissioner For Lost Causes,₹459,"English, Hardcover, Shourie Arun"
37,All the Murmuring Bones,₹330,"English, Paperback, Slatter A.G."
38,"""The Fifth Form at Saint Dominic's""",₹403,"English, Paperback, Morris William"
39,The Law of Attraction and Practical Mental Influence,₹210,"English, Paperback, Atkinson William Walker"
40,The Girl Who Knew Too Much  - What if the Loved One You...,₹159,"English, Paperback, Khanna Vikrant"
41,400 Days,₹139,"English, Paperback, Bhagat Chetan"
42,Stumbled Upon Destiny,₹93,"English, Paperback, Rajan Jolsna"
43,Invisible Pain  - The cry of nature!!!,₹110,"English, Paperback, Praveena"
44,A Touch of Eternity,₹162,"English, Paperback, Durjoy Datta,"
45,Something I Never Told You,₹188,"English, Paperback, Bhinder Shravya"
46,The Blue Umbrella,₹90,"English, Paperback, Bond Ruskin"
47,The Girl with No Dreams,₹99,"English, Paperback, Gupta Deepak"
48,50 Greatest Short Stories,₹212,"English, Paperback, O'Brien Terry"
49,I Too Had a Love Story,₹160,"English, Paperback, Singh Ravinder"
50,Something I'm Waiting to Tell You: The sequel to the Na...,₹130,"English, Paperback, Bhinder Shravya"
51,Frankenstein,₹169,"English, Paperback, Shelley Mary"
52,The 3 Mistakes of My Life,₹186,"English, Paperback, Bhagat Chetan"
53,Ghosts of the Silent Hills,₹140,"English, Paperback, Krishan Anita"
54,You Were My Crush,₹160,"English, Paperback, Datta Durjoy"
55,"Pride and Prejudice  - Pride and Prejudice (Paperback, ...",₹150,"English, Paperback, Jane Austen"
56,If It’s Not Forever,₹109,"English, Paperback, Datta Durjoy"
57,Bipin,₹476,"English, Hardcover, Rawat Rachna Bisht"
58,Tomorrow and Tomorrow and Tomorrow,₹213,"Paperback, Vikas Sharma"
59,The Romance of Lust- A classic Victorian erotic novel,₹516,"English, Paperback, Anonymous"
60,Can't Quarantine Our Love,₹160,"English, Paperback, Nagarkar Sudeep"
61,The Hidden Hindu,₹200,"English, Paperback, Gupta Akshat"
62,The Girl In Room 105,₹139,"English, Paperback, Bhagat Chetan"
63,In Loving Memory,₹186,"English, Paperback, Singh Daniel Paul"
64,One Arranged Murder,₹149,"English, Paperback, Bhagat Chetan"
65,The Girl in Room 105,₹112,"English, Paperback, Bhagat Chetan"
66,"Wake Up, Life is Calling",₹113,"English, Undefined, Shenoy Preeti"
67,"Pride and Prejudice (World Classics, Unabridged)",₹350,"English, Paperback, Austen Jane"
68,Pride & Prejudice,₹119,"English, Paperback, Austen Jane"
69,The Alchemist,₹340,"English, Hardcover, Coelho Paulo"
70,"""The Night Train at Deoli and Other Stories",₹232,"English, Paperback, Bond Ruskin"
71,Falling for a Korean,₹236,"English, Paperback, Madhumitha D J"
72,My Notes from 2nd ARC Reports,₹146,"English, Paperback, Singh Pavneet"
73,The Tattooist of Auschwitz,₹194,"English, Paperback, Morris Heather"
74,Willy and the Killer Kipper,₹159,"English, Paperback, Jeffrey Archer"
75,Beyond Good and Evil,₹169,"English, Paperback, Nietzsche Friedrich"
76,The Commissioner For Lost Causes,₹459,"English, Hardcover, Shourie Arun"
77,All the Murmuring Bones,₹330,"English, Paperback, Slatter A.G."
78,"""The Fifth Form at Saint Dominic's""",₹403,"English, Paperback, Morris William"
79,The Law of Attraction and Practical Mental Influence,₹210,"English, Paperback, Atkinson William Walker"
80,The Girl Who Knew Too Much  - What if the Loved One You...,₹159,"English, Paperback, Khanna Vikrant"
81,400 Days,₹139,"English, Paperback, Bhagat Chetan"
82,Stumbled Upon Destiny,₹93,"English, Paperback, Rajan Jolsna"
83,Invisible Pain  - The cry of nature!!!,₹110,"English, Paperback, Praveena"
84,A Touch of Eternity,₹162,"English, Paperback, Durjoy Datta,"
85,Something I Never Told You,₹188,"English, Paperback, Bhinder Shravya"
86,The Blue Umbrella,₹90,"English, Paperback, Bond Ruskin"
87,The Girl with No Dreams,₹99,"English, Paperback, Gupta Deepak"
88,50 Greatest Short Stories,₹212,"English, Paperback, O'Brien Terry"
89,I Too Had a Love Story,₹160,"English, Paperback, Singh Ravinder"
90,Something I'm Waiting to Tell You: The sequel to the Na...,₹130,"English, Paperback, Bhinder Shravya"
91,Frankenstein,₹169,"English, Paperback, Shelley Mary"
92,The 3 Mistakes of My Life,₹186,"English, Paperback, Bhagat Chetan"
93,Ghosts of the Silent Hills,₹140,"English, Paperback, Krishan Anita"
94,You Were My Crush,₹160,"English, Paperback, Datta Durjoy"
95,"Pride and Prejudice  - Pride and Prejudice (Paperback, ...",₹150,"English, Paperback, Jane Austen"
96,If It’s Not Forever,₹109,"English, Paperback, Datta Durjoy"
97,Bipin,₹476,"English, Hardcover, Rawat Rachna Bisht"
98,Tomorrow and Tomorrow and Tomorrow,₹213,"Paperback, Vikas Sharma"
99,The Romance of Lust- A classic Victorian erotic novel,₹516,"English, Paperback, Anonymous"
100,Can't Quarantine Our Love,₹160,"English, Paperback, Nagarkar Sudeep"
101,The Hidden Hindu,₹200,"English, Paperback, Gupta Akshat"
102,The Girl In Room 105,₹139,"English, Paperback, Bhagat Chetan"
103,In Loving Memory,₹186,"English, Paperback, Singh Daniel Paul"
104,One Arranged Murder,₹149,"English, Paperback, Bhagat Chetan"
105,The Girl in Room 105,₹112,"English, Paperback, Bhagat Chetan"
106,"Wake Up, Life is Calling",₹113,"English, Undefined, Shenoy Preeti"
107,"Pride and Prejudice (World Classics, Unabridged)",₹350,"English, Paperback, Austen Jane"
108,Pride & Prejudice,₹119,"English, Paperback, Austen Jane"
109,The Alchemist,₹340,"English, Hardcover, Coelho Paulo"
110,"""The Night Train at Deoli and Other Stories",₹232,"English, Paperback, Bond Ruskin"
111,Falling for a Korean,₹236,"English, Paperback, Madhumitha D J"
112,My Notes from 2nd ARC Reports,₹146,"English, Paperback, Singh Pavneet"
113,The Tattooist of Auschwitz,₹194,"English, Paperback, Morris Heather"
114,Willy and the Killer Kipper,₹159,"English, Paperback, Jeffrey Archer"
115,Beyond Good and Evil,₹169,"English, Paperback, Nietzsche Friedrich"
116,The Commissioner For Lost Causes,₹459,"English, Hardcover, Shourie Arun"
117,All the Murmuring Bones,₹330,"English, Paperback, Slatter A.G."
118,"""The Fifth Form at Saint Dominic's""",₹403,"English, Paperback, Morris William"
119,The Law of Attraction and Practical Mental Influence,₹210,"English, Paperback, Atkinson William Walker"
120,The Girl Who Knew Too Much  - What if the Loved One You...,₹159,"English, Paperback, Khanna Vikrant"
121,400 Days,₹139,"English, Paperback, Bhagat Chetan"
122,Stumbled Upon Destiny,₹93,"English, Paperback, Rajan Jolsna"
123,A Touch of Eternity,₹162,"English, Paperback, Durjoy Datta,"
124,Something I Never Told You,₹188,"English, Paperback, Bhinder Shravya"
125,The Blue Umbrella,₹90,"English, Paperback, Bond Ruskin"
126,50 Greatest Short Stories,₹212,"English, Paperback, O'Brien Terry"
127,I Too Had a Love Story,₹160,"English, Paperback, Singh Ravinder"
128,Something I'm Waiting to Tell You: The sequel to the Na...,₹130,"English, Paperback, Bhinder Shravya"
129,The 3 Mistakes of My Life,₹186,"English, Paperback, Bhagat Chetan"
130,Ghosts of the Silent Hills,₹140,"English, Paperback, Krishan Anita"
131,You Were My Crush,₹160,"English, Paperback, Datta Durjoy"
132,If It’s Not Forever,₹109,"English, Paperback, Datta Durjoy"
133,Bipin,₹476,"English, Hardcover, Rawat Rachna Bisht"
134,Tomorrow and Tomorrow and Tomorrow,₹213,"Paperback, Vikas Sharma"
135,Can't Quarantine Our Love,₹160,"English, Paperback, Nagarkar Sudeep"
136,The Hidden Hindu,₹200,"English, Paperback, Gupta Akshat"
137,The Girl In Room 105,₹139,"English, Paperback, Bhagat Chetan"
138,One Arranged Murder,₹149,"English, Paperback, Bhagat Chetan"
139,The Girl in Room 105,₹112,"English, Paperback, Bhagat Chetan"
140,"Wake Up, Life is Calling",₹113,"English, Undefined, Shenoy Preeti"
141,Pride & Prejudice,₹119,"English, Paperback, Austen Jane"
142,The Alchemist,₹340,"English, Hardcover, Coelho Paulo"
143,"""The Night Train at Deoli and Other Stories",₹232,"English, Paperback, Bond Ruskin"
144,My Notes from 2nd ARC Reports,₹146,"English, Paperback, Singh Pavneet"
145,The Tattooist of Auschwitz,₹194,"English, Paperback, Morris Heather"
146,Willy and the Killer Kipper,₹159,"English, Paperback, Jeffrey Archer"
147,The Commissioner For Lost Causes,₹459,"English, Hardcover, Shourie Arun"
148,All the Murmuring Bones,₹330,"English, Paperback, Slatter A.G."
149,"""The Fifth Form at Saint Dominic's""",₹403,"English, Paperback, Morris William"
150,When I Am with You,₹115,"English, Paperback, Datta Durjoy"
151,400 Days,₹167,"English, Paperback, Bhagat Chetan"
152,Wish I Could Tell You,₹109,"English, Paperback, Datta Durjoy"
153,"One Day, Life Will Change",₹129,"English, Paperback, Umakanthan Saranya"
154,Your Time Will Come,₹122,"English, Paperback, Umakanthan Saranya"
155,Journey to the Centre of the Earth,₹87,"English, Paperback, Verne Jules"
156,When Only Love Remains,₹104,"English, Paperback, Datta Durjoy"
157,Five Point Someone  - What Not to do at Iit,₹216,"English, Paperback, Bhagat Chetan"
158,The Old Man and the Sea,₹120,"English, Paperback, Hemingway Ernest"
159,I Wish I Could Tell Her,₹128,"English, Paperback, Pandey Ajay K."
160,The Girl Who Knew Too Much  - What if the Loved One You...,₹159,"English, Paperback, Khanna Vikrant"
161,400 Days,₹139,"English, Paperback, Bhagat Chetan"
162,Stumbled Upon Destiny,₹93,"English, Paperback, Rajan Jolsna"
163,Invisible Pain  - The cry of nature!!!,₹110,"English, Paperback, Praveena"
164,A Touch of Eternity,₹162,"English, Paperback, Durjoy Datta,"
165,Something I Never Told You,₹188,"English, Paperback, Bhinder Shravya"
166,The Blue Umbrella,₹90,"English, Paperback, Bond Ruskin"
167,The Girl with No Dreams,₹99,"English, Paperback, Gupta Deepak"
168,50 Greatest Short Stories,₹212,"English, Paperback, O'Brien Terry"
169,I Too Had a Love Story,₹160,"English, Paperback, Singh Ravinder"
170,Something I'm Waiting to Tell You: The sequel to the Na...,₹130,"English, Paperback, Bhinder Shravya"
171,Frankenstein,₹169,"English, Paperback, Shelley Mary"
172,The 3 Mistakes of My Life,₹186,"English, Paperback, Bhagat Chetan"
173,Ghosts of the Silent Hills,₹140,"English, Paperback, Krishan Anita"
174,You Were My Crush,₹160,"English, Paperback, Datta Durjoy"
175,"Pride and Prejudice  - Pride and Prejudice (Paperback, ...",₹150,"English, Paperback, Jane Austen"
176,If It’s Not Forever,₹109,"English, Paperback, Datta Durjoy"
177,Bipin,₹476,"English, Hardcover, Rawat Rachna Bisht"
178,Tomorrow and Tomorrow and Tomorrow,₹213,"Paperback, Vikas Sharma"
179,The Romance of Lust- A classic Victorian erotic novel,₹516,"English, Paperback, Anonymous"
180,Can't Quarantine Our Love,₹160,"English, Paperback, Nagarkar Sudeep"
181,The Hidden Hindu,₹200,"English, Paperback, Gupta Akshat"
182,The Girl In Room 105,₹139,"English, Paperback, Bhagat Chetan"
183,In Loving Memory,₹186,"English, Paperback, Singh Daniel Paul"
184,One Arranged Murder,₹149,"English, Paperback, Bhagat Chetan"
185,The Girl in Room 105,₹112,"English, Paperback, Bhagat Chetan"
186,"Wake Up, Life is Calling",₹113,"English, Undefined, Shenoy Preeti"
187,"Pride and Prejudice (World Classics, Unabridged)",₹350,"English, Paperback, Austen Jane"
188,Pride & Prejudice,₹119,"English, Paperback, Austen Jane"
189,The Alchemist,₹340,"English, Hardcover, Coelho Paulo"
190,"""The Night Train at Deoli and Other Stories",₹232,"English, Paperback, Bond Ruskin"
191,Falling for a Korean,₹236,"English, Paperback, Madhumitha D J"
192,My Notes from 2nd ARC Reports,₹146,"English, Paperback, Singh Pavneet"
193,The Tattooist of Auschwitz,₹194,"English, Paperback, Morris Heather"
194,Willy and the Killer Kipper,₹159,"English, Paperback, Jeffrey Archer"
195,Beyond Good and Evil,₹169,"English, Paperback, Nietzsche Friedrich"
196,The Commissioner For Lost Causes,₹459,"English, Hardcover, Shourie Arun"
197,All the Murmuring Bones,₹330,"English, Paperback, Slatter A.G."
198,"""The Fifth Form at Saint Dominic's""",₹403,"English, Paperback, Morris William"
199,The Law of Attraction and Practical Mental Influence,₹210,"English, Paperback, Atkinson William Walker"
200,Stumbled Upon Destiny,₹93,"English, Paperback, Rajan Jolsna"
201,The Cocktail of Love,₹128,"English, Paperback, Maloo Dhruv"
202,The Shiva Trilogy,"₹2,546","English, Paperback, Tripathi Amish"
203,Invisible Pain  - The cry of nature!!!,₹110,"English, Paperback, Praveena"
204,The Best of Sudeep Nagarkar,₹367,"English, Mixed media product, Sudeep Nagarkar,"
205,The Day I Broke you,₹115,"English, Paperback, Gupta Piyush"
206,50 Greatest Short Stories,₹212,"English, Paperback, O'Brien Terry"
207,The Girl with No Dreams,₹99,"English, Paperback, Gupta Deepak"
208,Notes from Underground and the Double,₹350,"English, Paperback, Dostoyevsky Fyodor"
209,By Royal Appointment,₹159,"English, Paperback, Jeffrey Archer"
210,Www.Marryaghost.Com,₹99,"English, Paperback, Jha Abhimanyu"
211,Frankenstein,₹169,"English, Paperback, Shelley Mary"
212,Things Fall Apart,₹276,"English, Paperback, Achebe Chinua"
213,The Commissioner For Lost Causes,₹459,"English, Hardcover, Shourie Arun"
214,Redemptor,₹319,"English, Paperback, Hot Key Books Jordan"
215,"Pride and Prejudice  - Pride and Prejudice (Paperback, ...",₹150,"English, Paperback, Jane Austen"
216,The Shattered Skies,₹361,"English, Paperback, Birmingham John"
217,A Column of Fire,₹312,"English, Paperback, Ken Follett"
218,The AfterGrief,₹419,"English, Paperback, Edelman Hope"
219,The Romance of Lust- A classic Victorian erotic novel,₹516,"English, Paperback, Anonymous"
220,Born to Dream,₹155,"English, Paperback, Rao Harshvardhan"
221,Sleeping Murder  - Miss Marple's Last Case,₹238,"English, Paperback, Christie Agatha"
222,Abhimanyu: The Warrior Prince,₹380,"English, Paperback, R Deepak M"
223,In Loving Memory,₹186,"English, Paperback, Singh Daniel Paul"
224,It Must Have Been Love,₹115,"English, Paperback, Prajapati Jigar"
225,In A New York Minute,₹371,"English, Paperback, Spencer Kate"
226,Don Quixote,₹225,"English, Paperback, De Cervantes Miguel"
227,"Pride and Prejudice (World Classics, Unabridged)",₹350,"English, Paperback, Austen Jane"
228,Indra,₹164,"English, Paperback, Ashutosh Garg"
229,: Great Works Of Thomas Hardy,₹196,"English, Paperback, Thompson Julian"
230,Paradais,₹416,"English, Paperback, Melchor Fernanda"
231,Falling for a Korean,₹236,"English, Paperback, Madhumitha D J"
232,The Time Machine,₹289,"English, Paperback, Wells H. G."
233,The Time Machine,₹95,"English, Paperback, Wells H G"
234,"Burning in Water, Drowning in Flame",₹690,"English, Paperback, Bukowski Charles"
235,Beyond Good and Evil,₹169,"English, Paperback, Nietzsche Friedrich"
236,Everything Love Is,₹319,"English, Paperback, King Claire"
237,The Other Man,₹490,"English, Paperback, Dadyburjor Farhad J."
238,The Fireman,₹281,"English, Paperback, Hill Joe"
239,The Law of Attraction and Practical Mental Influence,₹210,"English, Paperback, Atkinson William Walker"
240,Stumbled Upon Destiny,₹93,"English, Paperback, Rajan Jolsna"
241,The Cocktail of Love,₹128,"English, Paperback, Maloo Dhruv"
242,The Shiva Trilogy,"₹2,546","English, Paperback, Tripathi Amish"
243,Invisible Pain  - The cry of nature!!!,₹110,"English, Paperback, Praveena"
244,The Best of Sudeep Nagarkar,₹367,"English, Mixed media product, Sudeep Nagarkar,"
245,The Day I Broke you,₹115,"English, Paperback, Gupta Piyush"
246,50 Greatest Short Stories,₹212,"English, Paperback, O'Brien Terry"
247,The Girl with No Dreams,₹99,"English, Paperback, Gupta Deepak"
248,Notes from Underground and the Double,₹350,"English, Paperback, Dostoyevsky Fyodor"
249,By Royal Appointment,₹159,"English, Paperback, Jeffrey Archer"
250,Www.Marryaghost.Com,₹99,"English, Paperback, Jha Abhimanyu"
251,Frankenstein,₹169,"English, Paperback, Shelley Mary"
252,Things Fall Apart,₹276,"English, Paperback, Achebe Chinua"
253,The Commissioner For Lost Causes,₹459,"English, Hardcover, Shourie Arun"
254,Redemptor,₹319,"English, Paperback, Hot Key Books Jordan"
255,"Pride and Prejudice  - Pride and Prejudice (Paperback, ...",₹150,"English, Paperback, Jane Austen"
256,The Shattered Skies,₹361,"English, Paperback, Birmingham John"
257,A Column of Fire,₹312,"English, Paperback, Ken Follett"
258,The AfterGrief,₹419,"English, Paperback, Edelman Hope"
259,The Romance of Lust- A classic Victorian erotic novel,₹516,"English, Paperback, Anonymous"
260,Born to Dream,₹155,"English, Paperback, Rao Harshvardhan"
261,Sleeping Murder  - Miss Marple's Last Case,₹238,"English, Paperback, Christie Agatha"
262,Abhimanyu: The Warrior Prince,₹380,"English, Paperback, R Deepak M"
263,In Loving Memory,₹186,"English, Paperback, Singh Daniel Paul"
264,It Must Have Been Love,₹115,"English, Paperback, Prajapati Jigar"
265,In A New York Minute,₹371,"English, Paperback, Spencer Kate"
266,Don Quixote,₹225,"English, Paperback, De Cervantes Miguel"
267,"Pride and Prejudice (World Classics, Unabridged)",₹350,"English, Paperback, Austen Jane"
268,Indra,₹164,"English, Paperback, Ashutosh Garg"
269,: Great Works Of Thomas Hardy,₹196,"English, Paperback, Thompson Julian"
270,Paradais,₹416,"English, Paperback, Melchor Fernanda"
271,Falling for a Korean,₹236,"English, Paperback, Madhumitha D J"
272,The Time Machine,₹289,"English, Paperback, Wells H. G."
273,The Time Machine,₹95,"English, Paperback, Wells H G"
274,"Burning in Water, Drowning in Flame",₹690,"English, Paperback, Bukowski Charles"
275,Beyond Good and Evil,₹169,"English, Paperback, Nietzsche Friedrich"
276,Everything Love Is,₹319,"English, Paperback, King Claire"
277,The Other Man,₹490,"English, Paperback, Dadyburjor Farhad J."
278,The Fireman,₹281,"English, Paperback, Hill Joe"
279,The Law of Attraction and Practical Mental Influence,₹210,"English, Paperback, Atkinson William Walker"
280,Stumbled Upon Destiny,₹93,"English, Paperback, Rajan Jolsna"
281,The Cocktail of Love,₹128,"English, Paperback, Maloo Dhruv"
282,The Shiva Trilogy,"₹2,546","English, Paperback, Tripathi Amish"
283,The Best of Sudeep Nagarkar,₹367,"English, Mixed media product, Sudeep Nagarkar,"
284,The Day I Broke you,₹115,"English, Paperback, Gupta Piyush"
285,50 Greatest Short Stories,₹212,"English, Paperback, O'Brien Terry"
286,Notes from Underground and the Double,₹350,"English, Paperback, Dostoyevsky Fyodor"
287,By Royal Appointment,₹159,"English, Paperback, Jeffrey Archer"
288,Www.Marryaghost.Com,₹99,"English, Paperback, Jha Abhimanyu"
289,Things Fall Apart,₹276,"English, Paperback, Achebe Chinua"
290,The Commissioner For Lost Causes,₹459,"English, Hardcover, Shourie Arun"
291,Redemptor,₹319,"English, Paperback, Hot Key Books Jordan"
292,The Shattered Skies,₹361,"English, Paperback, Birmingham John"
293,A Column of Fire,₹312,"English, Paperback, Ken Follett"
294,The AfterGrief,₹419,"English, Paperback, Edelman Hope"
295,Born to Dream,₹155,"English, Paperback, Rao Harshvardhan"
296,Sleeping Murder  - Miss Marple's Last Case,₹238,"English, Paperback, Christie Agatha"
297,Abhimanyu: The Warrior Prince,₹380,"English, Paperback, R Deepak M"
298,It Must Have Been Love,₹115,"English, Paperback, Prajapati Jigar"
299,In A New York Minute,₹371,"English, Paperback, Spencer Kate"
300,Don Quixote,₹225,"English, Paperback, De Cervantes Miguel"
301,Indra,₹164,"English, Paperback, Ashutosh Garg"
302,: Great Works Of Thomas Hardy,₹196,"English, Paperback, Thompson Julian"
303,Paradais,₹416,"English, Paperback, Melchor Fernanda"
304,The Time Machine,₹289,"English, Paperback, Wells H. G."
305,The Time Machine,₹95,"English, Paperback, Wells H G"
306,"Burning in Water, Drowning in Flame",₹690,"English, Paperback, Bukowski Charles"
307,Everything Love Is,₹319,"English, Paperback, King Claire"
308,The Other Man,₹490,"English, Paperback, Dadyburjor Farhad J."
309,The Fireman,₹281,"English, Paperback, Hill Joe"
310,The Hiding Game,₹239,"English, Paperback, Wood Naomi"
311,This Could Change Everything,₹237,"English, Paperback, Mansell Jill"
312,"What's Wrong with You, Karthik?",₹318,"English, Hardcover, Vaidyanathan Siddhartha"
313,The Jeeves Omnibus - Vol 3,₹490,"English, Paperback, Wodehouse P.G."
314,Crime & Punishment,₹247,"English, Paperback, Dostoevsky Fyodor"
315,Little America,₹305,"English, Hardcover, Saeed Zain"
316,Happy Little Bluebirds,₹413,"English, Paperback, Levene Louise"
317,The David's Eyes,₹110,"English, Paperback, Saheb The"
318,Harry Potter Slytherin House Editions Paperback Box Set,"₹4,871","English, Mixed media product, Rowling J. K."
319,Kannur,₹279,"English, Paperback, N.P. Ullekh"
320,The Girl Who Knew Too Much  - What if the Loved One You...,₹159,"English, Paperback, Khanna Vikrant"
321,400 Days,₹139,"English, Paperback, Bhagat Chetan"
322,Stumbled Upon Destiny,₹93,"English, Paperback, Rajan Jolsna"
323,Invisible Pain  - The cry of nature!!!,₹110,"English, Paperback, Praveena"
324,A Touch of Eternity,₹162,"English, Paperback, Durjoy Datta,"
325,Something I Never Told You,₹188,"English, Paperback, Bhinder Shravya"
326,The Blue Umbrella,₹90,"English, Paperback, Bond Ruskin"
327,The Girl with No Dreams,₹99,"English, Paperback, Gupta Deepak"
328,50 Greatest Short Stories,₹212,"English, Paperback, O'Brien Terry"
329,I Too Had a Love Story,₹160,"English, Paperback, Singh Ravinder"
330,Something I'm Waiting to Tell You: The sequel to the Na...,₹130,"English, Paperback, Bhinder Shravya"
331,Frankenstein,₹169,"English, Paperback, Shelley Mary"
332,The 3 Mistakes of My Life,₹186,"English, Paperback, Bhagat Chetan"
333,Ghosts of the Silent Hills,₹140,"English, Paperback, Krishan Anita"
334,You Were My Crush,₹160,"English, Paperback, Datta Durjoy"
335,"Pride and Prejudice  - Pride and Prejudice (Paperback, ...",₹150,"English, Paperback, Jane Austen"
336,If It’s Not Forever,₹109,"English, Paperback, Datta Durjoy"
337,Bipin,₹476,"English, Hardcover, Rawat Rachna Bisht"
338,Tomorrow and Tomorrow and Tomorrow,₹213,"Paperback, Vikas Sharma"
339,The Romance of Lust- A classic Victorian erotic novel,₹516,"English, Paperback, Anonymous"
340,Can't Quarantine Our Love,₹160,"English, Paperback, Nagarkar Sudeep"
341,The Hidden Hindu,₹200,"English, Paperback, Gupta Akshat"
342,The Girl In Room 105,₹139,"English, Paperback, Bhagat Chetan"
343,In Loving Memory,₹186,"English, Paperback, Singh Daniel Paul"
344,One Arranged Murder,₹149,"English, Paperback, Bhagat Chetan"
345,The Girl in Room 105,₹112,"English, Paperback, Bhagat Chetan"
346,"Wake Up, Life is Calling",₹113,"English, Undefined, Shenoy Preeti"
347,"Pride and Prejudice (World Classics, Unabridged)",₹350,"English, Paperback, Austen Jane"
348,Pride & Prejudice,₹119,"English, Paperback, Austen Jane"
349,The Alchemist,₹340,"English, Hardcover, Coelho Paulo"
350,"""The Night Train at Deoli and Other Stories",₹232,"English, Paperback, Bond Ruskin"
351,Falling for a Korean,₹236,"English, Paperback, Madhumitha D J"
352,My Notes from 2nd ARC Reports,₹146,"English, Paperback, Singh Pavneet"
353,The Tattooist of Auschwitz,₹194,"English, Paperback, Morris Heather"
354,Willy and the Killer Kipper,₹159,"English, Paperback, Jeffrey Archer"
355,Beyond Good and Evil,₹169,"English, Paperback, Nietzsche Friedrich"
356,The Commissioner For Lost Causes,₹459,"English, Hardcover, Shourie Arun"
357,All the Murmuring Bones,₹330,"English, Paperback, Slatter A.G."
358,"""The Fifth Form at Saint Dominic's""",₹403,"English, Paperback, Morris William"
359,The Law of Attraction and Practical Mental Influence,₹210,"English, Paperback, Atkinson William Walker"
360,The Girl Who Knew Too Much  - What if the Loved One You...,₹159,"English, Paperback, Khanna Vikrant"
361,400 Days,₹139,"English, Paperback, Bhagat Chetan"
362,Stumbled Upon Destiny,₹93,"English, Paperback, Rajan Jolsna"
363,Invisible Pain  - The cry of nature!!!,₹110,"English, Paperback, Praveena"
364,A Touch of Eternity,₹162,"English, Paperback, Durjoy Datta,"
365,Something I Never Told You,₹188,"English, Paperback, Bhinder Shravya"
366,The Blue Umbrella,₹90,"English, Paperback, Bond Ruskin"
367,The Girl with No Dreams,₹99,"English, Paperback, Gupta Deepak"
368,50 Greatest Short Stories,₹212,"English, Paperback, O'Brien Terry"
369,I Too Had a Love Story,₹160,"English, Paperback, Singh Ravinder"
370,Something I'm Waiting to Tell You: The sequel to the Na...,₹130,"English, Paperback, Bhinder Shravya"
371,Frankenstein,₹169,"English, Paperback, Shelley Mary"
372,The 3 Mistakes of My Life,₹186,"English, Paperback, Bhagat Chetan"
373,Ghosts of the Silent Hills,₹140,"English, Paperback, Krishan Anita"
374,You Were My Crush,₹160,"English, Paperback, Datta Durjoy"
375,"Pride and Prejudice  - Pride and Prejudice (Paperback, ...",₹150,"English, Paperback, Jane Austen"
376,If It’s Not Forever,₹109,"English, Paperback, Datta Durjoy"
377,Bipin,₹476,"English, Hardcover, Rawat Rachna Bisht"
378,Tomorrow and Tomorrow and Tomorrow,₹213,"Paperback, Vikas Sharma"
379,The Romance of Lust- A classic Victorian erotic novel,₹516,"English, Paperback, Anonymous"
380,Can't Quarantine Our Love,₹160,"English, Paperback, Nagarkar Sudeep"
381,The Hidden Hindu,₹200,"English, Paperback, Gupta Akshat"
382,The Girl In Room 105,₹139,"English, Paperback, Bhagat Chetan"
383,In Loving Memory,₹186,"English, Paperback, Singh Daniel Paul"
384,One Arranged Murder,₹149,"English, Paperback, Bhagat Chetan"
385,The Girl in Room 105,₹112,"English, Paperback, Bhagat Chetan"
386,"Wake Up, Life is Calling",₹113,"English, Undefined, Shenoy Preeti"
387,"Pride and Prejudice (World Classics, Unabridged)",₹350,"English, Paperback, Austen Jane"
388,Pride & Prejudice,₹119,"English, Paperback, Austen Jane"
389,The Alchemist,₹340,"English, Hardcover, Coelho Paulo"
390,"""The Night Train at Deoli and Other Stories",₹232,"English, Paperback, Bond Ruskin"
391,Falling for a Korean,₹236,"English, Paperback, Madhumitha D J"
392,My Notes from 2nd ARC Reports,₹146,"English, Paperback, Singh Pavneet"
393,The Tattooist of Auschwitz,₹194,"English, Paperback, Morris Heather"
394,Willy and the Killer Kipper,₹159,"English, Paperback, Jeffrey Archer"
395,Beyond Good and Evil,₹169,"English, Paperback, Nietzsche Friedrich"
396,The Commissioner For Lost Causes,₹459,"English, Hardcover, Shourie Arun"
397,All the Murmuring Bones,₹330,"English, Paperback, Slatter A.G."
398,"""The Fifth Form at Saint Dominic's""",₹403,"English, Paperback, Morris William"
399,The Law of Attraction and Practical Mental Influence,₹210,"English, Paperback, Atkinson William Walker"
400,Stumbled Upon Destiny,₹93,"English, Paperback, Rajan Jolsna"
401,The Cocktail of Love,₹128,"English, Paperback, Maloo Dhruv"
402,The Shiva Trilogy,"₹2,546","English, Paperback, Tripathi Amish"
403,Invisible Pain  - The cry of nature!!!,₹110,"English, Paperback, Praveena"
404,The Best of Sudeep Nagarkar,₹367,"English, Mixed media product, Sudeep Nagarkar,"
405,The Day I Broke you,₹115,"English, Paperback, Gupta Piyush"
406,50 Greatest Short Stories,₹212,"English, Paperback, O'Brien Terry"
407,The Girl with No Dreams,₹99,"English, Paperback, Gupta Deepak"
408,Notes from Underground and the Double,₹350,"English, Paperback, Dostoyevsky Fyodor"
409,By Royal Appointment,₹159,"English, Paperback, Jeffrey Archer"
410,Www.Marryaghost.Com,₹99,"English, Paperback, Jha Abhimanyu"
411,Frankenstein,₹169,"English, Paperback, Shelley Mary"
412,Things Fall Apart,₹276,"English, Paperback, Achebe Chinua"
413,The Commissioner For Lost Causes,₹459,"English, Hardcover, Shourie Arun"
414,Redemptor,₹319,"English, Paperback, Hot Key Books Jordan"
415,"Pride and Prejudice  - Pride and Prejudice (Paperback, ...",₹150,"English, Paperback, Jane Austen"
416,The Shattered Skies,₹361,"English, Paperback, Birmingham John"
417,A Column of Fire,₹312,"English, Paperback, Ken Follett"
418,The AfterGrief,₹419,"English, Paperback, Edelman Hope"
419,The Romance of Lust- A classic Victorian erotic novel,₹516,"English, Paperback, Anonymous"
420,Born to Dream,₹155,"English, Paperback, Rao Harshvardhan"
421,Sleeping Murder  - Miss Marple's Last Case,₹238,"English, Paperback, Christie Agatha"
422,Abhimanyu: The Warrior Prince,₹380,"English, Paperback, R Deepak M"
423,In Loving Memory,₹186,"English, Paperback, Singh Daniel Paul"
424,It Must Have Been Love,₹115,"English, Paperback, Prajapati Jigar"
425,In A New York Minute,₹371,"English, Paperback, Spencer Kate"
426,Don Quixote,₹225,"English, Paperback, De Cervantes Miguel"
427,"Pride and Prejudice (World Classics, Unabridged)",₹350,"English, Paperback, Austen Jane"
428,Indra,₹164,"English, Paperback, Ashutosh Garg"
429,: Great Works Of Thomas Hardy,₹196,"English, Paperback, Thompson Julian"
430,Paradais,₹416,"English, Paperback, Melchor Fernanda"
431,Falling for a Korean,₹236,"English, Paperback, Madhumitha D J"
432,The Time Machine,₹289,"English, Paperback, Wells H. G."
433,The Time Machine,₹95,"English, Paperback, Wells H G"
434,"Burning in Water, Drowning in Flame",₹690,"English, Paperback, Bukowski Charles"
435,Beyond Good and Evil,₹169,"English, Paperback, Nietzsche Friedrich"
436,Everything Love Is,₹319,"English, Paperback, King Claire"
437,The Other Man,₹490,"English, Paperback, Dadyburjor Farhad J."
438,The Fireman,₹281,"English, Paperback, Hill Joe"
439,The Law of Attraction and Practical Mental Influence,₹210,"English, Paperback, Atkinson William Walker"
440,The Girl Who Knew Too Much  - What if the Loved One You...,₹159,"English, Paperback, Khanna Vikrant"
441,400 Days,₹139,"English, Paperback, Bhagat Chetan"
442,Stumbled Upon Destiny,₹93,"English, Paperback, Rajan Jolsna"
443,Invisible Pain  - The cry of nature!!!,₹110,"English, Paperback, Praveena"
444,A Touch of Eternity,₹162,"English, Paperback, Durjoy Datta,"
445,Something I Never Told You,₹188,"English, Paperback, Bhinder Shravya"
446,The Blue Umbrella,₹90,"English, Paperback, Bond Ruskin"
447,The Girl with No Dreams,₹99,"English, Paperback, Gupta Deepak"
448,50 Greatest Short Stories,₹212,"English, Paperback, O'Brien Terry"
449,I Too Had a Love Story,₹160,"English, Paperback, Singh Ravinder"
450,Something I'm Waiting to Tell You: The sequel to the Na...,₹130,"English, Paperback, Bhinder Shravya"
451,Frankenstein,₹169,"English, Paperback, Shelley Mary"
452,The 3 Mistakes of My Life,₹186,"English, Paperback, Bhagat Chetan"
453,Ghosts of the Silent Hills,₹140,"English, Paperback, Krishan Anita"
454,You Were My Crush,₹160,"English, Paperback, Datta Durjoy"
455,The Romance of Lust- A classic Victorian erotic novel,₹516,"English, Paperback, Anonymous"
456,If It’s Not Forever,₹109,"English, Paperback, Datta Durjoy"
457,Bipin,₹476,"English, Hardcover, Rawat Rachna Bisht"
458,Tomorrow and Tomorrow and Tomorrow,₹213,"Paperback, Vikas Sharma"
459,In Loving Memory,₹186,"English, Paperback, Singh Daniel Paul"
460,Can't Quarantine Our Love,₹160,"English, Paperback, Nagarkar Sudeep"
461,The Hidden Hindu,₹200,"English, Paperback, Gupta Akshat"
462,The Girl In Room 105,₹139,"English, Paperback, Bhagat Chetan"
463,"Pride and Prejudice (World Classics, Unabridged)",₹350,"English, Paperback, Austen Jane"
464,One Arranged Murder,₹149,"English, Paperback, Bhagat Chetan"
465,The Girl in Room 105,₹112,"English, Paperback, Bhagat Chetan"
466,"Wake Up, Life is Calling",₹113,"English, Undefined, Shenoy Preeti"
467,Falling for a Korean,₹236,"English, Paperback, Madhumitha D J"
468,Pride & Prejudice,₹119,"English, Paperback, Austen Jane"
469,The Alchemist,₹340,"English, Hardcover, Coelho Paulo"
470,"""The Night Train at Deoli and Other Stories",₹232,"English, Paperback, Bond Ruskin"
471,Beyond Good and Evil,₹169,"English, Paperback, Nietzsche Friedrich"
472,My Notes from 2nd ARC Reports,₹146,"English, Paperback, Singh Pavneet"
473,The Tattooist of Auschwitz,₹194,"English, Paperback, Morris Heather"
474,Willy and the Killer Kipper,₹159,"English, Paperback, Jeffrey Archer"
475,The Law of Attraction and Practical Mental Influence,₹210,"English, Paperback, Atkinson William Walker"
476,The Commissioner For Lost Causes,₹459,"English, Hardcover, Shourie Arun"
477,All the Murmuring Bones,₹330,"English, Paperback, Slatter A.G."
478,"""The Fifth Form at Saint Dominic's""",₹403,"English, Paperback, Morris William"
479,Metamorphosis,₹125,"English, Paperback, Kafka Franz"
480,Stumbled Upon Destiny,₹93,"English, Paperback, Rajan Jolsna"
481,The Cocktail of Love,₹128,"English, Paperback, Maloo Dhruv"
482,The Shiva Trilogy,"₹2,546","English, Paperback, Tripathi Amish"
483,Invisible Pain  - The cry of nature!!!,₹110,"English, Paperback, Praveena"
484,The Best of Sudeep Nagarkar,₹367,"English, Mixed media product, Sudeep Nagarkar,"
485,The Day I Broke you,₹115,"English, Paperback, Gupta Piyush"
486,50 Greatest Short Stories,₹212,"English, Paperback, O'Brien Terry"
487,The Girl with No Dreams,₹99,"English, Paperback, Gupta Deepak"
488,Notes from Underground and the Double,₹350,"English, Paperback, Dostoyevsky Fyodor"
489,By Royal Appointment,₹159,"English, Paperback, Jeffrey Archer"
490,Www.Marryaghost.Com,₹99,"English, Paperback, Jha Abhimanyu"
491,Frankenstein,₹169,"English, Paperback, Shelley Mary"
492,Things Fall Apart,₹276,"English, Paperback, Achebe Chinua"
493,The Commissioner For Lost Causes,₹459,"English, Hardcover, Shourie Arun"
494,Redemptor,₹319,"English, Paperback, Hot Key Books Jordan"
495,"Pride and Prejudice  - Pride and Prejudice (Paperback, ...",₹150,"English, Paperback, Jane Austen"
496,The Shattered Skies,₹361,"English, Paperback, Birmingham John"
497,A Column of Fire,₹312,"English, Paperback, Ken Follett"
498,The AfterGrief,₹419,"English, Paperback, Edelman Hope"
499,The Romance of Lust- A classic Victorian erotic novel,₹516,"English, Paperback, Anonymous"
500,Born to Dream,₹155,"English, Paperback, Rao Harshvardhan"
501,Sleeping Murder  - Miss Marple's Last Case,₹238,"English, Paperback, Christie Agatha"
502,Abhimanyu: The Warrior Prince,₹380,"English, Paperback, R Deepak M"
503,In Loving Memory,₹186,"English, Paperback, Singh Daniel Paul"
504,It Must Have Been Love,₹115,"English, Paperback, Prajapati Jigar"
505,In A New York Minute,₹371,"English, Paperback, Spencer Kate"
506,Don Quixote,₹225,"English, Paperback, De Cervantes Miguel"
507,"Pride and Prejudice (World Classics, Unabridged)",₹350,"English, Paperback, Austen Jane"
508,Indra,₹164,"English, Paperback, Ashutosh Garg"
509,: Great Works Of Thomas Hardy,₹196,"English, Paperback, Thompson Julian"
510,Paradais,₹416,"English, Paperback, Melchor Fernanda"
511,Falling for a Korean,₹236,"English, Paperback, Madhumitha D J"
512,The Time Machine,₹289,"English, Paperback, Wells H. G."
513,The Time Machine,₹95,"English, Paperback, Wells H G"
514,"Burning in Water, Drowning in Flame",₹690,"English, Paperback, Bukowski Charles"
515,Beyond Good and Evil,₹169,"English, Paperback, Nietzsche Friedrich"
516,Everything Love Is,₹319,"English, Paperback, King Claire"
517,The Other Man,₹490,"English, Paperback, Dadyburjor Farhad J."
518,The Fireman,₹281,"English, Paperback, Hill Joe"
519,The Law of Attraction and Practical Mental Influence,₹210,"English, Paperback, Atkinson William Walker"
520,The Girl Who Knew Too Much  - What if the Loved One You...,₹159,"English, Paperback, Khanna Vikrant"
521,400 Days,₹139,"English, Paperback, Bhagat Chetan"
522,Stumbled Upon Destiny,₹93,"English, Paperback, Rajan Jolsna"
523,Invisible Pain  - The cry of nature!!!,₹110,"English, Paperback, Praveena"
524,A Touch of Eternity,₹162,"English, Paperback, Durjoy Datta,"
525,Something I Never Told You,₹188,"English, Paperback, Bhinder Shravya"
526,The Blue Umbrella,₹90,"English, Paperback, Bond Ruskin"
527,The Girl with No Dreams,₹99,"English, Paperback, Gupta Deepak"
528,50 Greatest Short Stories,₹212,"English, Paperback, O'Brien Terry"
529,I Too Had a Love Story,₹160,"English, Paperback, Singh Ravinder"
530,Something I'm Waiting to Tell You: The sequel to the Na...,₹130,"English, Paperback, Bhinder Shravya"
531,Frankenstein,₹169,"English, Paperback, Shelley Mary"
532,The 3 Mistakes of My Life,₹186,"English, Paperback, Bhagat Chetan"
533,Ghosts of the Silent Hills,₹140,"English, Paperback, Krishan Anita"
534,You Were My Crush,₹160,"English, Paperback, Datta Durjoy"
535,The Romance of Lust- A classic Victorian erotic novel,₹516,"English, Paperback, Anonymous"
536,If It’s Not Forever,₹109,"English, Paperback, Datta Durjoy"
537,Bipin,₹476,"English, Hardcover, Rawat Rachna Bisht"
538,Tomorrow and Tomorrow and Tomorrow,₹213,"Paperback, Vikas Sharma"
539,In Loving Memory,₹186,"English, Paperback, Singh Daniel Paul"
540,Can't Quarantine Our Love,₹160,"English, Paperback, Nagarkar Sudeep"
541,The Hidden Hindu,₹200,"English, Paperback, Gupta Akshat"
542,The Girl In Room 105,₹139,"English, Paperback, Bhagat Chetan"
543,"Pride and Prejudice (World Classics, Unabridged)",₹350,"English, Paperback, Austen Jane"
544,One Arranged Murder,₹149,"English, Paperback, Bhagat Chetan"
545,The Girl in Room 105,₹112,"English, Paperback, Bhagat Chetan"
546,"Wake Up, Life is Calling",₹113,"English, Undefined, Shenoy Preeti"
547,Falling for a Korean,₹236,"English, Paperback, Madhumitha D J"
548,Pride & Prejudice,₹119,"English, Paperback, Austen Jane"
549,The Alchemist,₹340,"English, Hardcover, Coelho Paulo"
550,"""The Night Train at Deoli and Other Stories",₹232,"English, Paperback, Bond Ruskin"
551,Beyond Good and Evil,₹169,"English, Paperback, Nietzsche Friedrich"
552,My Notes from 2nd ARC Reports,₹146,"English, Paperback, Singh Pavneet"
553,The Tattooist of Auschwitz,₹194,"English, Paperback, Morris Heather"
554,Willy and the Killer Kipper,₹159,"English, Paperback, Jeffrey Archer"
555,The Law of Attraction and Practical Mental Influence,₹210,"English, Paperback, Atkinson William Walker"
556,The Commissioner For Lost Causes,₹459,"English, Hardcover, Shourie Arun"
557,All the Murmuring Bones,₹330,"English, Paperback, Slatter A.G."
558,"""The Fifth Form at Saint Dominic's""",₹403,"English, Paperback, Morris William"
559,1984  - 1984 : International Bestseller “1984 by George...,₹225,"English, Paperback, Orwell George"
560,The Girl Who Knew Too Much  - What if the Loved One You...,₹159,"English, Paperback, Khanna Vikrant"
561,400 Days,₹139,"English, Paperback, Bhagat Chetan"
562,Stumbled Upon Destiny,₹93,"English, Paperback, Rajan Jolsna"
563,Invisible Pain  - The cry of nature!!!,₹110,"English, Paperback, Praveena"
564,A Touch of Eternity,₹162,"English, Paperback, Durjoy Datta,"
565,Something I Never Told You,₹188,"English, Paperback, Bhinder Shravya"
566,The Blue Umbrella,₹90,"English, Paperback, Bond Ruskin"
567,The Girl with No Dreams,₹99,"English, Paperback, Gupta Deepak"
568,50 Greatest Short Stories,₹212,"English, Paperback, O'Brien Terry"
569,I Too Had a Love Story,₹160,"English, Paperback, Singh Ravinder"
570,Something I'm Waiting to Tell You: The sequel to the Na...,₹130,"English, Paperback, Bhinder Shravya"
571,Frankenstein,₹169,"English, Paperback, Shelley Mary"
572,The 3 Mistakes of My Life,₹186,"English, Paperback, Bhagat Chetan"
573,Ghosts of the Silent Hills,₹140,"English, Paperback, Krishan Anita"
574,You Were My Crush,₹160,"English, Paperback, Datta Durjoy"
575,"Pride and Prejudice  - Pride and Prejudice (Paperback, ...",₹150,"English, Paperback, Jane Austen"
576,If It’s Not Forever,₹109,"English, Paperback, Datta Durjoy"
577,Bipin,₹476,"English, Hardcover, Rawat Rachna Bisht"
578,Tomorrow and Tomorrow and Tomorrow,₹213,"Paperback, Vikas Sharma"
579,The Romance of Lust- A classic Victorian erotic novel,₹516,"English, Paperback, Anonymous"
580,Can't Quarantine Our Love,₹160,"English, Paperback, Nagarkar Sudeep"
581,The Hidden Hindu,₹200,"English, Paperback, Gupta Akshat"
582,The Girl In Room 105,₹139,"English, Paperback, Bhagat Chetan"
583,In Loving Memory,₹186,"English, Paperback, Singh Daniel Paul"
584,One Arranged Murder,₹149,"English, Paperback, Bhagat Chetan"
585,The Girl in Room 105,₹112,"English, Paperback, Bhagat Chetan"
586,"Wake Up, Life is Calling",₹113,"English, Undefined, Shenoy Preeti"
587,"Pride and Prejudice (World Classics, Unabridged)",₹350,"English, Paperback, Austen Jane"
588,Pride & Prejudice,₹119,"English, Paperback, Austen Jane"
589,The Alchemist,₹340,"English, Hardcover, Coelho Paulo"
590,"""The Night Train at Deoli and Other Stories",₹232,"English, Paperback, Bond Ruskin"
591,Falling for a Korean,₹236,"English, Paperback, Madhumitha D J"
592,My Notes from 2nd ARC Reports,₹146,"English, Paperback, Singh Pavneet"
593,The Tattooist of Auschwitz,₹194,"English, Paperback, Morris Heather"
594,Willy and the Killer Kipper,₹159,"English, Paperback, Jeffrey Archer"
595,Beyond Good and Evil,₹169,"English, Paperback, Nietzsche Friedrich"
596,The Commissioner For Lost Causes,₹459,"English, Hardcover, Shourie Arun"
597,All the Murmuring Bones,₹330,"English, Paperback, Slatter A.G."
598,"""The Fifth Form at Saint Dominic's""",₹403,"English, Paperback, Morris William"
599,The Law of Attraction and Practical Mental Influence,₹210,"English, Paperback, Atkinson William Walker"
600,The Girl Who Knew Too Much  - What if the Loved One You...,₹159,"English, Paperback, Khanna Vikrant"
601,400 Days,₹139,"English, Paperback, Bhagat Chetan"
602,Stumbled Upon Destiny,₹93,"English, Paperback, Rajan Jolsna"
603,Frankenstein,₹169,"English, Paperback, Shelley Mary"
604,A Touch of Eternity,₹162,"English, Paperback, Durjoy Datta,"
605,Something I Never Told You,₹188,"English, Paperback, Bhinder Shravya"
606,The Blue Umbrella,₹90,"English, Paperback, Bond Ruskin"
607,The Romance of Lust- A classic Victorian erotic novel,₹516,"English, Paperback, Anonymous"
608,50 Greatest Short Stories,₹212,"English, Paperback, O'Brien Terry"
609,I Too Had a Love Story,₹160,"English, Paperback, Singh Ravinder"
610,Something I'm Waiting to Tell You: The sequel to the Na...,₹130,"English, Paperback, Bhinder Shravya"
611,The Girl with No Dreams,₹99,"English, Paperback, Gupta Deepak"
612,The 3 Mistakes of My Life,₹186,"English, Paperback, Bhagat Chetan"
613,Ghosts of the Silent Hills,₹140,"English, Paperback, Krishan Anita"
614,You Were My Crush,₹160,"English, Paperback, Datta Durjoy"
615,Metamorphosis,₹125,"English, Paperback, Kafka Franz"
616,If It’s Not Forever,₹109,"English, Paperback, Datta Durjoy"
617,Bipin,₹476,"English, Hardcover, Rawat Rachna Bisht"
618,Tomorrow and Tomorrow and Tomorrow,₹213,"Paperback, Vikas Sharma"
619,Beyond Good and Evil,₹169,"English, Paperback, Nietzsche Friedrich"
620,Can't Quarantine Our Love,₹160,"English, Paperback, Nagarkar Sudeep"
621,The Hidden Hindu,₹200,"English, Paperback, Gupta Akshat"
622,The Girl In Room 105,₹139,"English, Paperback, Bhagat Chetan"
623,The Law of Attraction and Practical Mental Influence,₹210,"English, Paperback, Atkinson William Walker"
624,One Arranged Murder,₹149,"English, Paperback, Bhagat Chetan"
625,The Girl in Room 105,₹112,"English, Paperback, Bhagat Chetan"
626,"Wake Up, Life is Calling",₹113,"English, Undefined, Shenoy Preeti"
627,"Pride and Prejudice (World Classics, Unabridged)",₹350,"English, Paperback, Austen Jane"
628,Pride & Prejudice,₹119,"English, Paperback, Austen Jane"
629,The Alchemist,₹340,"English, Hardcover, Coelho Paulo"
630,"""The Night Train at Deoli and Other Stories",₹232,"English, Paperback, Bond Ruskin"
631,In Loving Memory,₹186,"English, Paperback, Singh Daniel Paul"
632,My Notes from 2nd ARC Reports,₹146,"English, Paperback, Singh Pavneet"
633,The Tattooist of Auschwitz,₹194,"English, Paperback, Morris Heather"
634,Willy and the Killer Kipper,₹159,"English, Paperback, Jeffrey Archer"
635,The World Is Not All Sunshine & Happiness,₹100,"English, Paperback, Salim Mahreen"
636,The Commissioner For Lost Causes,₹459,"English, Hardcover, Shourie Arun"
637,All the Murmuring Bones,₹330,"English, Paperback, Slatter A.G."
638,"""The Fifth Form at Saint Dominic's""",₹403,"English, Paperback, Morris William"
639,Demian,₹137,"English, Paperback, Hesse Hermann"
640,The Girl Who Knew Too Much  - What if the Loved One You...,₹159,"English, Paperback, Khanna Vikrant"
641,400 Days,₹139,"English, Paperback, Bhagat Chetan"
642,Stumbled Upon Destiny,₹93,"English, Paperback, Rajan Jolsna"
643,Invisible Pain  - The cry of nature!!!,₹110,"English, Paperback, Praveena"
644,A Touch of Eternity,₹162,"English, Paperback, Durjoy Datta,"
645,Something I Never Told You,₹188,"English, Paperback, Bhinder Shravya"
646,The Blue Umbrella,₹90,"English, Paperback, Bond Ruskin"
647,The Girl with No Dreams,₹99,"English, Paperback, Gupta Deepak"
648,50 Greatest Short Stories,₹212,"English, Paperback, O'Brien Terry"
649,I Too Had a Love Story,₹160,"English, Paperback, Singh Ravinder"
650,Something I'm Waiting to Tell You: The sequel to the Na...,₹130,"English, Paperback, Bhinder Shravya"
651,Frankenstein,₹169,"English, Paperback, Shelley Mary"
652,The 3 Mistakes of My Life,₹186,"English, Paperback, Bhagat Chetan"
653,Ghosts of the Silent Hills,₹140,"English, Paperback, Krishan Anita"
654,You Were My Crush,₹160,"English, Paperback, Datta Durjoy"
655,The Romance of Lust- A classic Victorian erotic novel,₹516,"English, Paperback, Anonymous"
656,If It’s Not Forever,₹109,"English, Paperback, Datta Durjoy"
657,Bipin,₹476,"English, Hardcover, Rawat Rachna Bisht"
658,Tomorrow and Tomorrow and Tomorrow,₹213,"Paperback, Vikas Sharma"
659,In Loving Memory,₹186,"English, Paperback, Singh Daniel Paul"
660,Can't Quarantine Our Love,₹160,"English, Paperback, Nagarkar Sudeep"
661,The Hidden Hindu,₹200,"English, Paperback, Gupta Akshat"
662,The Girl In Room 105,₹139,"English, Paperback, Bhagat Chetan"
663,"Pride and Prejudice (World Classics, Unabridged)",₹350,"English, Paperback, Austen Jane"
664,One Arranged Murder,₹149,"English, Paperback, Bhagat Chetan"
665,The Girl in Room 105,₹112,"English, Paperback, Bhagat Chetan"
666,"Wake Up, Life is Calling",₹113,"English, Undefined, Shenoy Preeti"
667,Falling for a Korean,₹236,"English, Paperback, Madhumitha D J"
668,Pride & Prejudice,₹119,"English, Paperback, Austen Jane"
669,The Alchemist,₹340,"English, Hardcover, Coelho Paulo"
670,"""The Night Train at Deoli and Other Stories",₹232,"English, Paperback, Bond Ruskin"
671,Beyond Good and Evil,₹169,"English, Paperback, Nietzsche Friedrich"
672,My Notes from 2nd ARC Reports,₹146,"English, Paperback, Singh Pavneet"
673,The Tattooist of Auschwitz,₹194,"English, Paperback, Morris Heather"
674,Willy and the Killer Kipper,₹159,"English, Paperback, Jeffrey Archer"
675,The Law of Attraction and Practical Mental Influence,₹210,"English, Paperback, Atkinson William Walker"
676,The Commissioner For Lost Causes,₹459,"English, Hardcover, Shourie Arun"
677,All the Murmuring Bones,₹330,"English, Paperback, Slatter A.G."
678,"""The Fifth Form at Saint Dominic's""",₹403,"English, Paperback, Morris William"
679,1984  - 1984 : International Bestseller “1984 by George...,₹225,"English, Paperback, Orwell George"
680,Stumbled Upon Destiny,₹93,"English, Paperback, Rajan Jolsna"
681,The Cocktail of Love,₹128,"English, Paperback, Maloo Dhruv"
682,The Shiva Trilogy,"₹2,546","English, Paperback, Tripathi Amish"
683,Invisible Pain  - The cry of nature!!!,₹110,"English, Paperback, Praveena"
684,The Best of Sudeep Nagarkar,₹367,"English, Mixed media product, Sudeep Nagarkar,"
685,The Day I Broke you,₹115,"English, Paperback, Gupta Piyush"
686,50 Greatest Short Stories,₹212,"English, Paperback, O'Brien Terry"
687,The Girl with No Dreams,₹99,"English, Paperback, Gupta Deepak"
688,Notes from Underground and the Double,₹350,"English, Paperback, Dostoyevsky Fyodor"
689,By Royal Appointment,₹159,"English, Paperback, Jeffrey Archer"
690,Www.Marryaghost.Com,₹99,"English, Paperback, Jha Abhimanyu"
691,Frankenstein,₹169,"English, Paperback, Shelley Mary"
692,Things Fall Apart,₹276,"English, Paperback, Achebe Chinua"
693,The Commissioner For Lost Causes,₹459,"English, Hardcover, Shourie Arun"
694,Redemptor,₹319,"English, Paperback, Hot Key Books Jordan"
695,The Romance of Lust- A classic Victorian erotic novel,₹516,"English, Paperback, Anonymous"
696,The Shattered Skies,₹361,"English, Paperback, Birmingham John"
697,A Column of Fire,₹312,"English, Paperback, Ken Follett"
698,The AfterGrief,₹419,"English, Paperback, Edelman Hope"
699,In Loving Memory,₹186,"English, Paperback, Singh Daniel Paul"
700,Born to Dream,₹155,"English, Paperback, Rao Harshvardhan"
701,Sleeping Murder  - Miss Marple's Last Case,₹238,"English, Paperback, Christie Agatha"
702,Abhimanyu: The Warrior Prince,₹380,"English, Paperback, R Deepak M"
703,"Pride and Prejudice (World Classics, Unabridged)",₹350,"English, Paperback, Austen Jane"
704,It Must Have Been Love,₹115,"English, Paperback, Prajapati Jigar"
705,In A New York Minute,₹371,"English, Paperback, Spencer Kate"
706,Don Quixote,₹225,"English, Paperback, De Cervantes Miguel"
707,Falling for a Korean,₹236,"English, Paperback, Madhumitha D J"
708,Indra,₹164,"English, Paperback, Ashutosh Garg"
709,: Great Works Of Thomas Hardy,₹196,"English, Paperback, Thompson Julian"
710,Paradais,₹416,"English, Paperback, Melchor Fernanda"
711,Beyond Good and Evil,₹169,"English, Paperback, Nietzsche Friedrich"
712,The Time Machine,₹289,"English, Paperback, Wells H. G."
713,The Time Machine,₹95,"English, Paperback, Wells H G"
714,"Burning in Water, Drowning in Flame",₹690,"English, Paperback, Bukowski Charles"
715,The Law of Attraction and Practical Mental Influence,₹210,"English, Paperback, Atkinson William Walker"
716,Everything Love Is,₹319,"English, Paperback, King Claire"
717,The Other Man,₹490,"English, Paperback, Dadyburjor Farhad J."
718,The Fireman,₹281,"English, Paperback, Hill Joe"
719,Metamorphosis,₹125,"English, Paperback, Kafka Franz"
